persstat_start_month.personal_number,persstat_start_month.ob1,persstat_start_month.ob2,persstat_start_month.ob3,persstat_start_month.ob5,persstat_start_month.ob8,persstat_start_month.coordinator_group_id,persstat_start_month.profession_id,persstat_start_month.profession,persstat_start_month.planned_profession_id,persstat_start_month.planned_profession,persstat_start_month.planned_position_id,persstat_start_month.planned_position,persstat_start_month.basic_branch_of_education_group,persstat_start_month.basic_branch_of_education_grou2,persstat_start_month.basic_branch_of_education_id,persstat_start_month.basic_branch_of_education_name,persstat_start_month.education_category_id,persstat_start_month.education_category_name,persstat_start_month.field_of_study_id,persstat_start_month.field_of_study_name,persstat_start_month.field_of_stude_code_ispv,persstat_start_month.user_name
00004241,S,SE,SE,SE,SE,10000490,12000040,502 Pedagogický/á pracovník/-vnice,12000040,502 Pedagogický/á pracovník/-vnice,20002547,Učitel-OV-Obor-lak. vozů a zmoc. pro ŽP,75,"Pedagogika, učitelství a sociální péče",7,Specializace v pedagogice,R,Vysokoškolské bakalářské vzdělání,56,Učitelství praktického vyučování a odborného výcviku,2019.11410.7507R056.B7507.2636,DZCTSCQ
00005433,S,SE,SE,SE,SE,10000489,12000040,502 Pedagogický/á pracovník/-vnice,12000040,502 Pedagogický/á pracovník/-vnice,20002722,"Učitel - Hardware, elektro-IT",62,Ekonomie,2,Hospodářská politika a správa,T,Vysokoškolské magisterské vzdělání,65,Veřejná správa a regionální rozvoj,2019.41110.6202T065.N6202.2636,DZCTA04
00009186,S,SE,SEA,SEA,SEA,10034578,12000133,215 Administrátor/ka,12000133,215 Administrátor/ka,20072800,MPP Administrátor projektové dokumentace,64,"Podnikání v oborech, odvětví",41,Podnikání v oborech,L,Úplné střední odborné vzdělání s vyučením i maturitou,521,Podnikání v oborech obchodu a služeb,2014.600170179.6441L51X.0.0898,DZCJVUG
00014607,S,SE,SE,SE,SE,10026554,12000000,001 Specialista/-tka admin.a služ.,12000000,001 Specialista/-tka admin.a služ.,20002407,Specialista provozu ŠKODA Akademie,36,"Stavebnictví, geodézie a kartografie",42,Dopravní a vodohospodářské stavitelství,M,Úplné střední odborné vzdělání s maturitou (bez vyučení),6,Dopravní stavitelství,1986.00000.362SSS00.00000.0000,DZCKN01
00015001,S,SE,SE,SE,SE,10000343,12000040,502 Pedagogický/á pracovník/-vnice,12000040,502 Pedagogický/á pracovník/-vnice,20013720,"Učitel - Matematika, organizace výuky",75,"Pedagogika, učitelství a sociální péče",3,Učitelství pro základní školy,T,Vysokoškolské magisterské vzdělání,103,Učitelství všeobecně vzdělávacích předmětů,1994.11410.76118000.00000.2636,DZCLG04
00015247,S,SE,SE,SE,SE,10000343,12000040,502 Pedagogický/á pracovník/-vnice,12000040,502 Pedagogický/á pracovník/-vnice,20002750,Učitel - matematika,75,"Pedagogika, učitelství a sociální péče",3,Učitelství pro základní školy,T,Vysokoškolské magisterské vzdělání,103,Učitelství všeobecně vzdělávacích předmětů,1994.11410.76128000.00000.2636,DZCSB14
00015845,S,SE,SE,SE,SE,10026554,12000011,202 Specialista/-tka financí,12000011,202 Specialista/-tka financí,20002400,Ekonomie ŠKODA Akademie,62,Ekonomie,2,Hospodářská politika a správa,T,Vysokoškolské magisterské vzdělání,54,Veřejná ekonomika,1999.14560.00000000.6202T.4942,DZCHP08
00015902,S,SE,SE,SE,SE,10000158,12000001,002 Koordinátor/ka,12000001,002 Koordinátor/ka,20000733,Koord. rozvoj kompetencí a man. programy,62,Ekonomie,8,Ekonomika a management,T,Vysokoškolské magisterské vzdělání,85,Podniková ekonomika,2005.24310.6208T085.M6208.3302,DZCSK17
00016007,S,SE,SE,SE,SE,10000343,12000040,502 Pedagogický/á pracovník/-vnice,12000040,502 Pedagogický/á pracovník/-vnice,20002745,"Učitel - matematika, fyzika, ved. učitel",11,Matematické obory,1,Matematika,T,Vysokoškolské magisterské vzdělání,16,Matematika,1999.13430.00000000.7504T.2638,DZCJR60
00016085,S,SE,SE,SE,SE,10000094,12000001,002 Koordinátor/ka,12000001,002 Koordinátor/ka,20002396,Ředitel Středního odborného učiliště,39,Speciální a interdisciplinární technické obory,2,Inženýrská informatika,T,Vysokoškolské magisterské vzdělání,20,Automatizované systémy řízení ve spotřebním průmyslu,1987.00000.180VSM00.00000.0000,DZCMSFE
00016207,S,SE,SE,SE,SE,10000158,12900017,595 DPP/DPČ,12900017,595 DPP/DPČ,29004957,595 - DPP/DPČ,NULL,,NULL,,,,NULL,,,DZCLL23
00016210,S,SE,SE,SE,SE,10000490,12000040,502 Pedagogický/á pracovník/-vnice,12000040,502 Pedagogický/á pracovník/-vnice,20002761,Učitel - konstrukce a opravy karoserií,75,"Pedagogika, učitelství a sociální péče",3,Učitelství pro základní školy,T,Vysokoškolské magisterské vzdělání,39,Učitelství matematiky pro 2. stupeň ZŠ,2007.13430.7503T039.M7503.2638,DZCSD10
00016249,S,SE,SE,SE,SE,10000157,12000041,503 Specialista/-tka HR,12000041,503 Specialista/-tka HR,20084674,Cesta do managementu,31,Textilní výroba a oděvnictví,7,Textil,R,Vysokoškolské bakalářské vzdělání,7,Textilní marketing,2013.24410.3107R007.B3107.3302,DZCHM26
00016687,S,SE,SEA,SEA,SEA,10000160,12900009,226 IT Specialista/-tka,12900009,226 IT Specialista/-tka,29003286,Produktový vlastník Digital Upskilling,75,"Pedagogika, učitelství a sociální péče",6,Speciální pedagogika,T,Vysokoškolské magisterské vzdělání,2,Speciální pedagogika,2008.18440.7506T038.N7506.3840,DZCLFBP
00016692,S,SE,SE,SE,SE,10000158,12001000,030 Projektový/á koordinátor/ka,12001000,030 Projektový/á koordinátor/ka,29000828,Manažerské programy,73,Filologie,10,Filologie,T,Vysokoškolské magisterské vzdělání,132,Překladatelství a tlumočnictví,2007.00000.730VSC00.00000.0000,DZCDBBZ
00016694,S,SE,SE,SE,SE,10000094,12000975,020 Odborný/á koordinátor/ka,12000975,020 Odborný/á koordinátor/ka,20002410,Metodik odborného rozvoje SOUs,75,"Pedagogika, učitelství a sociální péče",3,Učitelství pro základní školy,T,Vysokoškolské magisterské vzdělání,43,Učitelství německého jazyka pro 2. stupeň ZŠ,2005.24510.7503T043.M7503.3302,DZCJBM4
00016710,S,SE,SE,SE,SE,10026554,12900009,226 IT Specialista/-tka,12900009,226 IT Specialista/-tka,20001156,Key User-informační syst. ve vzdělávání,75,"Pedagogika, učitelství a sociální péče",4,Učitelství pro střední školy,T,Vysokoškolské magisterské vzdělání,92,Učitelství německého jazyka a literatury pro SŠ,2007.13430.7504T092.M7504.2638,DZCPHD5
00016745,S,SE,SE,SE,SE,10000343,12000040,502 Pedagogický/á pracovník/-vnice,12000040,502 Pedagogický/á pracovník/-vnice,20002741,"Učitel - tělesná výchova, vedoucí učitel",74,"Tělesná kultura, tělovýchova a sport",1,Tělesná výchova a sport,T,Vysokoškolské magisterské vzdělání,6,"Tělesná výchova a sport (trenérství, metodika)",1993.11510.74018000.00000.2636,DZCKH6H
00016795,S,SE,SE,SE,SE,10000093,12000131,900 Vedoucí,12000131,900 Vedoucí,20000697,Vedoucí Škoda Academy,67,Politologie,1,Politologie teoretická,T,Vysokoškolské magisterské vzdělání,8,Politologie,2010.00000.671VSC00.00000.0000,DZCPP1A
00016829,S,SE,SE,SE,SE,10000483,12000040,502 Pedagogický/á pracovník/-vnice,12000040,502 Pedagogický/á pracovník/-vnice,20002724,"Učitel - VVP, vedoucí učitel",75,"Pedagogika, učitelství a sociální péče",1,Pedagogika,T,Vysokoškolské magisterské vzdělání,8,Pedagogika,1999.11410.00000000.7501T.2636,DZCMSLQ
00016950,S,SE,SE,SE,SE,10026554,12001000,030 Projektový/á koordinátor/ka,12001000,030 Projektový/á koordinátor/ka,20001150,Projekty a služby ŠKODA Akademie,75,"Pedagogika, učitelství a sociální péče",3,Učitelství pro základní školy,T,Vysokoškolské magisterské vzdělání,47,Učitelství pro 1. stupeň základní školy,2006.24510.7503T047.M7503.3302,DZCMDEP
00017238,S,SE,SE,SE,SE,10000488,12000040,502 Pedagogický/á pracovník/-vnice,12000040,502 Pedagogický/á pracovník/-vnice,29001400,Učitel - databáze a analýza dat,39,Speciální a interdisciplinární technické obory,1,Inženýrství,V,Vysokoškolské doktorské vzdělání,28,Termomechanika a mechanika tekutin,2002.21220.3901V028.P2301.2636,DZCJS9A
00017413,S,SE,SE,SE,SE,10000157,12000975,020 Odborný/á koordinátor/ka,12000975,020 Odborný/á koordinátor/ka,20084673,Odborný koordinátor-cesta do managementu,75,"Pedagogika, učitelství a sociální péče",1,Pedagogika,T,Vysokoškolské magisterské vzdělání,1,Andragogika,2014.76900.7501T001.N7501.2636,DZCPS1Z
00017425,S,SE,SE,SE,SE,10000483,12000040,502 Pedagogický/á pracovník/-vnice,12000040,502 Pedagogický/á pracovník/-vnice,20002730,"Učitel - Angličtina CEFR-C1, ved. učitel",75,"Pedagogika, učitelství a sociální péče",4,Učitelství pro střední školy,T,Vysokoškolské magisterské vzdělání,165,Učitelství zeměpisu pro střední školy,1998.11410.76128000.00000.2636,DZCPVZF
00017553,S,SE,SE,SE,SE,10000483,12000040,502 Pedagogický/á pracovník/-vnice,12000040,502 Pedagogický/á pracovník/-vnice,20002413,"Učitel - Angličtina, výchovný poradce",75,"Pedagogika, učitelství a sociální péče",3,Učitelství pro základní školy,T,Vysokoškolské magisterské vzdělání,9,Učitelství anglického jazyka pro 2. stupeň ZŠ,2005.23420.7503T009.M7503.2637,DZCKD3F
00017591,S,SE,SE,SE,SE,10000158,12000041,503 Specialista/-tka HR,12000041,503 Specialista/-tka HR,20010060,Leadership,75,"Pedagogika, učitelství a sociální péče",4,Učitelství pro střední školy,T,Vysokoškolské magisterské vzdělání,23,Učitelství anglického jazyka a literatury pro SŠ,2003.13430.7504T023.M7504.2638,DZCPZW1
00017672,S,SE,SEA,SEA,SEA,10000159,12000040,502 Pedagogický/á pracovník/-vnice,12000040,502 Pedagogický/á pracovník/-vnice,20078024,Lektor elektromobilita - systémy,26,"Elektrotechnika, telekomunikační a výpočetní technika",1,Slaboproudá elektrotechnika,T,Vysokoškolské magisterské vzdělání,13,Telekomunikační technika,1994.21230.26268000.00000.2636,DZCSHG5
00017708,S,SE,SEA,SEA,SEA,10000159,12000040,502 Pedagogický/á pracovník/-vnice,12000040,502 Pedagogický/á pracovník/-vnice,20007736,Lektor robotika FANUC a DURR,23,Strojírenství a strojírenská výroba,41,Strojírenství,M,Úplné střední odborné vzdělání s maturitou (bez vyučení),1,Strojírenství,2004.00000.231SSS00.00000.0000,DZCPK4P
00017932,S,SE,SE,SE,SE,10000158,12000041,503 Specialista/-tka HR,12000041,503 Specialista/-tka HR,29000829,Learning on Demand,67,Politologie,1,Politologie teoretická,T,Vysokoškolské magisterské vzdělání,8,Politologie,2009.11230.6701T008.N6701.2636,DZCVZBQ
00018170,S,SE,SE,SE,SE,10000093,12001000,030 Projektový/á koordinátor/ka,12001000,030 Projektový/á koordinátor/ka,20078745,Komunikační vzdělávací projekty,62,Ekonomie,8,Ekonomika a management,T,Vysokoškolské magisterské vzdělání,164,Globální podnikání a právo,2022.7P900.0.N0413A050001.0898,DO80XDM
00018347,S,SE,SE,SE,SE,10000158,12000041,503 Specialista/-tka HR,12000041,503 Specialista/-tka HR,20083069,Kompetenční management,74,"Tělesná kultura, tělovýchova a sport",1,Tělesná výchova a sport,T,Vysokoškolské magisterské vzdělání,3,Rekreologie,2006.15510.7401T003.M7401.0024,DZCKMD6
00018454,S,SE,SE,SE,SE,10000489,12000040,502 Pedagogický/á pracovník/-vnice,12000040,502 Pedagogický/á pracovník/-vnice,20065143,Učitel - Autotronika,26,"Elektrotechnika, telekomunikační a výpočetní technika",2,Elektrotechnologie,T,Vysokoškolské magisterské vzdělání,12,Technologické systémy,1985.00000.261VSM00.00000.0000,TU5SULA
00018607,S,SE,SE,SE,SE,10000483,12000040,502 Pedagogický/á pracovník/-vnice,12000040,502 Pedagogický/á pracovník/-vnice,20002728,Učitel - Angličtina CEFR-A1,62,Ekonomie,8,Ekonomika a management,T,Vysokoškolské magisterské vzdělání,85,Podniková ekonomika,2015.24310.6208T085.N6208.3302,U7A3NRN
00018616,S,SE,SE,SE,SE,10000490,12000040,502 Pedagogický/á pracovník/-vnice,12000040,502 Pedagogický/á pracovník/-vnice,20002758,Učitel - Agregát vozidla,62,Ekonomie,8,Ekonomika a management,T,Vysokoškolské magisterské vzdělání,15,Ekonomika dopravy a spojů,1985.00000.370VSC00.00000.0000,W2Z3FLU
00018679,S,SE,SEA,SEA,SEA   33,10034578,12000041,503 Specialista/-tka HR,12000041,503 Specialista/-tka HR,20091581,Odborné vzdělávání a kurzy Kvasiny,28,Technická chemie a chemie silikátů,42,Průmyslová chemie,L,Úplné střední odborné vzdělání s vyučením i maturitou,14,Chemik operátor - farmaceutická výroba,1998.00000.520SSS00.00000.0000,SQ0MQZM
00018923,S,SE,SE,SE,SE,10032052,12000040,502 Pedagogický/á pracovník/-vnice,12000040,502 Pedagogický/á pracovník/-vnice,20002747,"Učitel - CNC, CAD/ CAM systémy",75,"Pedagogika, učitelství a sociální péče",7,Specializace v pedagogice,R,Vysokoškolské bakalářské vzdělání,56,Učitelství praktického vyučování a odborného výcviku,2010.18440.7504R271.B7507.3840,F5N7PS5
00021636,S,SE,SE,SE,SE,10000488,12000040,502 Pedagogický/á pracovník/-vnice,12000040,502 Pedagogický/á pracovník/-vnice,20002514,Učitel OV -metodik- logistika,64,"Podnikání v oborech, odvětví",41,Podnikání v oborech,L,Úplné střední odborné vzdělání s vyučením i maturitou,515,Podnikání v technických povoláních,2010.600007481.6441L524.0.0898,DZCJC84
00021905,S,SE,SE,SE,SE,10026554,12000001,002 Koordinátor/ka,12000001,002 Koordinátor/ka,20001155,Koordinátor Akademie management,62,Ekonomie,2,Hospodářská politika a správa,T,Vysokoškolské magisterské vzdělání,65,Veřejná správa a regionální rozvoj,2012.41110.6202T065.N6202.2636,DZCJM07
00024031,S,SE,SE,SE,SE,10000490,12000040,502 Pedagogický/á pracovník/-vnice,12000040,502 Pedagogický/á pracovník/-vnice,20002508,Učitel - Speciální pedagogika,75,"Pedagogika, učitelství a sociální péče",7,Specializace v pedagogice,R,Vysokoškolské bakalářské vzdělání,56,Učitelství praktického vyučování a odborného výcviku,2024.11410.0.B0114P300002.2636,DZCPPBE
00024163,S,SE,SE,SE,SE,10000343,12000133,215 Administrátor/ka,12000133,215 Administrátor/ka,20072801,MPP Administrátor SOUs,78,Obecně odborná příprava,41,Rodinná příprava,M,Úplné střední odborné vzdělání s maturitou (bez vyučení),1,Rodinná škola,1998.00000.780SSS00.00000.0000,DZCKMBD
00024223,S,SE,SE,SE,SE,10000094,12900009,226 IT Specialista/-tka,12900009,226 IT Specialista/-tka,20084672,Digitální systémy SOUs,64,"Podnikání v oborech, odvětví",42,Organizace a management v odvětví,M,Úplné střední odborné vzdělání s maturitou (bez vyučení),9,Management strojírenství,2008.600170039.6442M009.0.2636,DZCRS78
00027627,S,SE,SE,SE,SE,10000483,12000040,502 Pedagogický/á pracovník/-vnice,12000040,502 Pedagogický/á pracovník/-vnice,20002731,"Učitel-Český jazyk, soft skills",75,"Pedagogika, učitelství a sociální péče",3,Učitelství pro základní školy,T,Vysokoškolské magisterské vzdělání,103,Učitelství všeobecně vzdělávacích předmětů,1993.11410.76128000.00000.2636,DZCIV05
00030407,S,SE,SEA,SEA,SEA,10000159,12000040,502 Pedagogický/á pracovník/-vnice,12000040,502 Pedagogický/á pracovník/-vnice,20000838,Lektor technol. spojovací techniky,37,Doprava a spoje,8,Dopravní inženýrství a spoje,T,Vysokoškolské magisterské vzdělání,20,Silniční a městská automobilová doprava,2010.41310.3708T020.N3710.2636,DZCZS27
00030410,S,SE,SEA,SEA,SEA,10000159,12000041,503 Specialista/-tka HR,12000041,503 Specialista/-tka HR,29002044,Cyber security training,75,"Pedagogika, učitelství a sociální péče",7,Specializace v pedagogice,R,Vysokoškolské bakalářské vzdělání,91,Informační výchova se zaměřením na vzdělávání,2022.15410.0.B0114A300024.0024,DZC0SJ4
00030459,S,SE,SE,SE,SE,10000490,12000040,502 Pedagogický/á pracovník/-vnice,12000040,502 Pedagogický/á pracovník/-vnice,20002702,Učitel/lektor-opravy a údržba PKW,75,"Pedagogika, učitelství a sociální péče",7,Specializace v pedagogice,R,Vysokoškolské bakalářské vzdělání,56,Učitelství praktického vyučování a odborného výcviku,2019.11410.7507R056.B7507.2636,DZCAZ05
00031094,S,SE,SE,SE,SE,10032052,12000040,502 Pedagogický/á pracovník/-vnice,12000040,502 Pedagogický/á pracovník/-vnice,20002472,Učitel-OV-Odborné praxe,23,Strojírenství a strojírenská výroba,41,Strojírenství,L,Úplné střední odborné vzdělání s vyučením i maturitou,501,Strojírenství,1990.00000.231SSS00.00000.0000,DZCTA02
00031175,S,SE,SE,SE,SE,10000488,12000040,502 Pedagogický/á pracovník/-vnice,12000040,502 Pedagogický/á pracovník/-vnice,20002411,Učitel OV-metodik-výroba nářadí,75,"Pedagogika, učitelství a sociální péče",4,Učitelství pro střední školy,R,Vysokoškolské bakalářské vzdělání,229,Učitelství odborného výcviku a praxe,2024.21900.0.B0114P300003.2636,DZCKMAF
00031955,S,SE,SE,SE,SE,10000489,12000040,502 Pedagogický/á pracovník/-vnice,12000040,502 Pedagogický/á pracovník/-vnice,29001399,Učitel - Průmyslové sítě a elektro-IT,75,"Pedagogika, učitelství a sociální péče",7,Specializace v pedagogice,R,Vysokoškolské bakalářské vzdělání,56,Učitelství praktického vyučování a odborného výcviku,2019.11410.7507R056.B7507.2636,DZCJHCG
00032549,S,SE,SE,SE,SE,10000490,12000040,502 Pedagogický/á pracovník/-vnice,12000040,502 Pedagogický/á pracovník/-vnice,20002700,Učitel - OV - podvozkové platformy,26,"Elektrotechnika, telekomunikační a výpočetní technika",57,Autoelektrikář,H,Střední odborné vzdělání s výučním listem,1,Autoelektrikář,2025.600007545.2657H01X.0.0898,DZCFH23
00032745,S,SE,SE,SE,SE,10032052,12000001,002 Koordinátor/ka,12000001,002 Koordinátor/ka,20002505,Koordinátor Strojní obrábění a robotika,23,Strojírenství a strojírenská výroba,45,Servis a opravy strojů a zařízení,L,Úplné střední odborné vzdělání s vyučením i maturitou,1,Mechanik seřizovač,1987.00000.231SSS00.00000.0000,DZCPZ06
00032780,S,SE,SE,SE,SE,10032052,12000040,502 Pedagogický/á pracovník/-vnice,12000040,502 Pedagogický/á pracovník/-vnice,20002502,Učitel OV-metodik-konvenční obrábění,23,Strojírenství a strojírenská výroba,41,Strojírenství,L,Úplné střední odborné vzdělání s vyučením i maturitou,501,Strojírenství,1988.00000.231SSS00.00000.0000,DZCJP65
00033589,S,SE,SEA,SEA,SEA,10000159,12000040,502 Pedagogický/á pracovník/-vnice,12000040,502 Pedagogický/á pracovník/-vnice,20000854,Lektor fluidní technika,75,"Pedagogika, učitelství a sociální péče",1,Pedagogika,T,Vysokoškolské magisterské vzdělání,1,Andragogika,2014.76900.7501T001.N7501.2636,DZCJKCJ
00034284,S,SE,SE,SE,SE,10000488,12000001,002 Koordinátor/ka,12000001,002 Koordinátor/ka,20002506,Koordinátor - Mechanika a Logistika,75,"Pedagogika, učitelství a sociální péče",1,Pedagogika,T,Vysokoškolské magisterské vzdělání,8,Pedagogika,2023.11210.0.N0111A190011.2636,DZCPS33
00036189,S,SE,SE,SE,SE,10000489,12000040,502 Pedagogický/á pracovník/-vnice,12000040,502 Pedagogický/á pracovník/-vnice,20002539,Učitel/lektor-PLC systémy,26,"Elektrotechnika, telekomunikační a výpočetní technika",41,Elektrotechnika,L,Úplné střední odborné vzdělání s vyučením i maturitou,503,Elektrotechnika - výroba a provoz strojů,1997.00000.261SSS00.00000.0000,DZCZK18
00038194,S,SE,SE,SE,SE,10000488,12000040,502 Pedagogický/á pracovník/-vnice,12000040,502 Pedagogický/á pracovník/-vnice,20091580,Učitel/ lektor-OV-mechanika,75,"Pedagogika, učitelství a sociální péče",7,Specializace v pedagogice,R,Vysokoškolské bakalářské vzdělání,56,Učitelství praktického vyučování a odborného výcviku,2014.21900.7507R056.B7507.2636,DZCMH91
00038222,S,SE,SE,SE,SE,10000489,12000040,502 Pedagogický/á pracovník/-vnice,12000040,502 Pedagogický/á pracovník/-vnice,20002535,Učitel/lektor-Průmyslové řídicí systémy,75,"Pedagogika, učitelství a sociální péče",1,Pedagogika,R,Vysokoškolské bakalářské vzdělání,8,Pedagogika,2020.11410.7501R008.B7507.2636,DZCLJ22
00038398,S,SE,SE,SE,SE,10000490,12000040,502 Pedagogický/á pracovník/-vnice,12000040,502 Pedagogický/á pracovník/-vnice,20002762,Učitel - autolakýrník,23,Strojírenství a strojírenská výroba,56,"Obráběč kovů, obráběčské práce",H,Střední odborné vzdělání s výučním listem,1,Obráběč kovů,1992.00000.231SSB00.00000.0000,SI1N0IL
00038407,S,SE,SE,SE,SE,10000490,12000040,502 Pedagogický/á pracovník/-vnice,12000040,502 Pedagogický/á pracovník/-vnice,20002549,Učitel OV - opravy olak. karoserie,75,"Pedagogika, učitelství a sociální péče",6,Speciální pedagogika,R,Vysokoškolské bakalářské vzdělání,2,Speciální pedagogika,2017.11410.7506R002.B7506.2636,DZCMSDE
00038615,S,SE,SE,SE,SE,10000490,12000001,002 Koordinátor/ka,12000001,002 Koordinátor/ka,20002732,Koordinátor - Autoobory,64,"Podnikání v oborech, odvětví",41,Podnikání v oborech,L,Úplné střední odborné vzdělání s vyučením i maturitou,51,Podnikání,2014.600007481.6441L51X.0.0898,DZCDBAK
00038823,S,SE,SE,SE,SE,10000489,12000040,502 Pedagogický/á pracovník/-vnice,12000040,502 Pedagogický/á pracovník/-vnice,20081912,Učitel OV - metodik - elektronika,75,"Pedagogika, učitelství a sociální péče",7,Specializace v pedagogice,R,Vysokoškolské bakalářské vzdělání,56,Učitelství praktického vyučování a odborného výcviku,2014.21900.7507R056.B7507.2636,DZCDL11
00038958,S,SE,SE,SE,SE,10000488,12000040,502 Pedagogický/á pracovník/-vnice,12000040,502 Pedagogický/á pracovník/-vnice,20013715,Učitel OV -metodik- prediktivní údržba,23,Strojírenství a strojírenská výroba,43,Strojírenská výroba,L,Úplné střední odborné vzdělání s vyučením i maturitou,506,Provozní technika,1999.00000.231SSS00.00000.0000,DZCMSEG
00038964,S,SE,SE,SE,SE,10000488,12000040,502 Pedagogický/á pracovník/-vnice,12000040,502 Pedagogický/á pracovník/-vnice,20013718,Učitel/lektor-OV-Logistické systémy,75,"Pedagogika, učitelství a sociální péče",7,Specializace v pedagogice,R,Vysokoškolské bakalářské vzdělání,56,Učitelství praktického vyučování a odborného výcviku,2014.11410.7507R056.B7507.2636,DZCZS13
00039095,S,SE,SE,SE,SE,10000483,12000040,502 Pedagogický/á pracovník/-vnice,12000040,502 Pedagogický/á pracovník/-vnice,20002738,"Učitel - VVP, výchovný poradce",75,"Pedagogika, učitelství a sociální péče",3,Učitelství pro základní školy,T,Vysokoškolské magisterské vzdělání,3,Studium k rozšíření učitelské kvalifikace,1995.24510.76128000.00000.3302,DZCKH12
00039240,S,SE,SE,SE,SE,10000488,12000040,502 Pedagogický/á pracovník/-vnice,12000040,502 Pedagogický/á pracovník/-vnice,20082612,Učitel -OV- dopravní prostředky,75,"Pedagogika, učitelství a sociální péče",4,Učitelství pro střední školy,T,Vysokoškolské magisterské vzdělání,107,Učitelství pedagogiky pro střední školy,2023.11410.0.N0114A300097.2636,DZCJCCR
00039330,S,SE,SE,SE,SE,10000490,12000040,502 Pedagogický/á pracovník/-vnice,12000040,502 Pedagogický/á pracovník/-vnice,20002546,Učitel/ lektor-Technologie lakování vozů,75,"Pedagogika, učitelství a sociální péče",7,Specializace v pedagogice,R,Vysokoškolské bakalářské vzdělání,56,Učitelství praktického vyučování a odborného výcviku,2020.11410.7507R056.B7507.2636,DZCFK16
00039366,S,SE,SE,SE,SE,10000490,12000040,502 Pedagogický/á pracovník/-vnice,12000040,502 Pedagogický/á pracovník/-vnice,20002712,Učitel OV - metodik - speciální třídy,75,"Pedagogika, učitelství a sociální péče",4,Učitelství pro střední školy,R,Vysokoškolské bakalářské vzdělání,229,Učitelství odborného výcviku a praxe,2024.21900.0.B0114P300003.2636,DZCZS16
00039550,S,SE,SE,SE,SE,10032052,12000040,502 Pedagogický/á pracovník/-vnice,12000040,502 Pedagogický/á pracovník/-vnice,20002471,Učitel/ lektor-Mechanika robotů,75,"Pedagogika, učitelství a sociální péče",7,Specializace v pedagogice,R,Vysokoškolské bakalářské vzdělání,56,Učitelství praktického vyučování a odborného výcviku,2014.11410.7507R056.B7507.2636,DZCJH97
00039698,S,SE,SE,SE,SE,10000488,12000040,502 Pedagogický/á pracovník/-vnice,12000040,502 Pedagogický/á pracovník/-vnice,20002512,Učitel -OV- metalurgické nářadí,23,Strojírenství a strojírenská výroba,43,Strojírenská výroba,L,Úplné střední odborné vzdělání s vyučením i maturitou,51,Provozní technika,2014.600007545.2343L51X.0.0898,DZCVP81
00040314,S,SE,SE,SE,SE,10000490,12000040,502 Pedagogický/á pracovník/-vnice,12000040,502 Pedagogický/á pracovník/-vnice,20002754,Učitel - technologie svařování,23,Strojírenství a strojírenská výroba,1,Strojní inženýrství,T,Vysokoškolské magisterské vzdělání,48,Strojírenská technologie a materiály,2017.24210.2301T048.N2301.3302,DZCRB21
00040442,S,SE,SE,SE,SE,10032052,12000040,502 Pedagogický/á pracovník/-vnice,12000040,502 Pedagogický/á pracovník/-vnice,20002504,Učitel-OV-Obor-programování CNC strojů,23,Strojírenství a strojírenská výroba,43,Strojírenská výroba,L,Úplné střední odborné vzdělání s vyučením i maturitou,51,Provozní technika,2014.600007481.6441L51X.0.0898,DZCJLBR
00040474,S,SE,SE,SE,SE,10000489,12000040,502 Pedagogický/á pracovník/-vnice,12000040,502 Pedagogický/á pracovník/-vnice,20002537,"Učitel/lektor-Elektrotech., silnoproud",75,"Pedagogika, učitelství a sociální péče",7,Specializace v pedagogice,R,Vysokoškolské bakalářské vzdělání,56,Učitelství praktického vyučování a odborného výcviku,2025.11410.7507R056.B7507.2636,DZCDN33
00040531,S,SE,SE,SE,SE,10032052,12000040,502 Pedagogický/á pracovník/-vnice,12000040,502 Pedagogický/á pracovník/-vnice,20002468,Učitel-OV-3D tisk,75,"Pedagogika, učitelství a sociální péče",1,Pedagogika,R,Vysokoškolské bakalářské vzdělání,8,Pedagogika,2020.11410.7501R008.B7507.2636,DZCRT21
00040571,S,SE,SE,SE,SE,10000490,12000040,502 Pedagogický/á pracovník/-vnice,12000040,502 Pedagogický/á pracovník/-vnice,20084325,Učitel - OV - metodik lakování vozů,23,Strojírenství a strojírenská výroba,61,"Lakýrník, lakýrnické práce",H,Střední odborné vzdělání s výučním listem,1,Lakýrník,1996.00000.231SSB00.00000.0000,DZCOZAI
00041619,S,SE,SEA,SEA,SEA,10034578,12000041,503 Specialista/-tka HR,12000041,503 Specialista/-tka HR,20000702,Odborné tréninky,23,Strojírenství a strojírenská výroba,45,Servis a opravy strojů a zařízení,L,Úplné střední odborné vzdělání s vyučením i maturitou,2,Mechanik seřizovač - obráběcí stroje a linky,2004.00000.231SSS00.00000.0000,DZCRSD5
00041881,S,SE,SE,SE,SE,10000488,12000040,502 Pedagogický/á pracovník/-vnice,12000040,502 Pedagogický/á pracovník/-vnice,20002759,Učitel - účetnictví,62,Ekonomie,8,Ekonomika a management,T,Vysokoškolské magisterské vzdělání,88,Podniková ekonomika a management provozu,2012.66900.6208T088.N6208.0898,DZCJJ91
00042034,S,SE,SEA,SEA,SEA,10034578,12000041,503 Specialista/-tka HR,12000041,503 Specialista/-tka HR,20000722,Normativní kurzy,62,Ekonomie,8,Ekonomika a management,T,Vysokoškolské magisterské vzdělání,85,Podniková ekonomika,2008.24310.6208T085.N6208.3302,DZCJM19
00042045,S,SE,SE,SE,SE,10000157,12000041,503 Specialista/-tka HR,12000041,503 Specialista/-tka HR,20066850,Kariérní management,62,Ekonomie,8,Ekonomika a management,T,Vysokoškolské magisterské vzdělání,139,Globální podnikání a marketing,2012.66900.6208T139.N6208.0898,DZCIS17
00042068,S,SE,SEA,SEA,SEA,10000160,12000975,020 Odborný/á koordinátor/ka,12000975,020 Odborný/á koordinátor/ka,20000622,Metodik pro Skill management,62,Ekonomie,8,Ekonomika a management,T,Vysokoškolské magisterské vzdělání,94,Provoz a ekonomika,2006.41110.6208T094.M6208.2636,DZC0MLR
00042192,S,SE,SE,SE,SE,10026554,12000034,406 Specialista/-tka výroby,12000034,406 Specialista/-tka výroby,20002409,Hospodář s nářadím a s ochran. pomůckami,64,"Podnikání v oborech, odvětví",41,Podnikání v oborech,L,Úplné střední odborné vzdělání s vyučením i maturitou,524,Podnikání,2008.600007481.6441L524.0.0898,DZCPKAJ
00042703,S,SE,SE,SE,SE,10032052,12000040,502 Pedagogický/á pracovník/-vnice,12000040,502 Pedagogický/á pracovník/-vnice,20002757,Učitel - CAD systémy,39,Speciální a interdisciplinární technické obory,9,Procesní inženýrství,T,Vysokoškolské magisterské vzdělání,10,Inovační inženýrství,2011.24210.3909T010.N2301.3302,DZCTP7S
00043098,S,SE,SE,SE,SE,10032052,12000040,502 Pedagogický/á pracovník/-vnice,12000040,502 Pedagogický/á pracovník/-vnice,20002474,Učitel/ lektor-Mechatronické stroje,23,Strojírenství a strojírenská výroba,45,Servis a opravy strojů a zařízení,L,Úplné střední odborné vzdělání s vyučením i maturitou,1,Mechanik seřizovač,2006.600007545.2345L001.0.0898,DZCJKSN
00043242,S,SE,SE,SE,SE,10000158,12900007,019 Specialista/-tka GRC,12900007,019 Specialista/-tka GRC,20086137,Set of Values – firemní kultura,62,Ekonomie,8,Ekonomika a management,T,Vysokoškolské magisterské vzdělání,20,Ekonomika podniku,2009.66900.6208T139.N6208.0898,DZCEV05
00043618,S,SE,SEA,SEA,SEA,10000159,12000041,503 Specialista/-tka HR,12000041,503 Specialista/-tka HR,20084670,Transformační a vzdělávací témata,62,Ekonomie,8,Ekonomika a management,T,Vysokoškolské magisterské vzdělání,139,Globální podnikání a marketing,2011.66900.6208T139.N6208.0898,DZCKS26
00043896,S,SE,SEA,SEA,SEA,10000159,12000040,502 Pedagogický/á pracovník/-vnice,12000040,502 Pedagogický/á pracovník/-vnice,20042425,Lektor elektronika v automatizaci,26,"Elektrotechnika, telekomunikační a výpočetní technika",43,Elektronika,L,Úplné střední odborné vzdělání s vyučením i maturitou,1,Mechanik elektronik,2008.600007545.2643L001.0.0898,DZCRV43
00044028,S,SE,SEA,SEA,SEA,10000160,12000041,503 Specialista/-tka HR,12000041,503 Specialista/-tka HR,20084671,Digital learning,62,Ekonomie,8,Ekonomika a management,T,Vysokoškolské magisterské vzdělání,88,Podniková ekonomika a management provozu,2011.66900.6208T088.N6208.0898,DZCOH3J
00044062,S,SE,SE,SE,SE,10000093,12000000,001 Specialista/-tka admin.a služ.,12000000,001 Specialista/-tka admin.a služ.,20000708,Sekretářka,62,Ekonomie,8,Ekonomika a management,T,Vysokoškolské magisterské vzdělání,85,Podniková ekonomika,2012.24310.6208T085.N6208.3302,DZCMKEH
00044320,S,SE,SE,SE,SE,10000489,12000040,502 Pedagogický/á pracovník/-vnice,12000040,502 Pedagogický/á pracovník/-vnice,20084324,"Učitel/lektor - AR/VR, IT",26,"Elektrotechnika, telekomunikační a výpočetní technika",43,Elektronika,L,Úplné střední odborné vzdělání s vyučením i maturitou,1,Mechanik elektronik,2009.600007545.2643L001.0.0898,DZCTHX5
00044703,S,SE,SE,SE,SE,10026554,12000032,404 Projektant/ka,12000032,404 Projektant/ka,20002404,Technolog - projektant,23,Strojírenství a strojírenská výroba,41,Strojírenství,M,Úplné střední odborné vzdělání s maturitou (bez vyučení),1,Strojírenství,2012.600007448.2341M001.0.0898,GLCVFR4
00044789,S,SE,SE,SE,SE,10000157,12900007,019 Specialista/-tka GRC,12900007,019 Specialista/-tka GRC,20086135,HR Compliance-standardy kariérního mgmt.,62,Ekonomie,8,Ekonomika a management,R,Vysokoškolské bakalářské vzdělání,88,Podniková ekonomika a management provozu,2018.7P900.6208R088.B6208.0898,DZCLPT6
00049797,S,SE,SE,SE,SE,10000488,12000040,502 Pedagogický/á pracovník/-vnice,12000040,502 Pedagogický/á pracovník/-vnice,20002511,Učitel/lektor - Praktické vyučování,75,"Pedagogika, učitelství a sociální péče",7,Specializace v pedagogice,R,Vysokoškolské bakalářské vzdělání,56,Učitelství praktického vyučování a odborného výcviku,2015.21900.7507R056.B7507.2636,DZCVK60
00051923,S,SE,SE,SE,SE,10000489,12000040,502 Pedagogický/á pracovník/-vnice,12000040,502 Pedagogický/á pracovník/-vnice,20002473,"Učitel - Elektronika, elektro-metrologie",26,"Elektrotechnika, telekomunikační a výpočetní technika",11,Vojenská technika - elektrotechnická,T,Vysokoškolské magisterské vzdělání,2,Automatizované systémy velení,1991.00000.262VSC00.00000.0000,DZCJKHY
00052917,S,SE,SE,SE,SE,10000490,12000040,502 Pedagogický/á pracovník/-vnice,12000040,502 Pedagogický/á pracovník/-vnice,20002701,Učitel odborného výcviku,23,Strojírenství a strojírenská výroba,45,Servis a opravy strojů a zařízení,M,Úplné střední odborné vzdělání s maturitou (bez vyučení),4,Silniční doprava,2007.600007448.2345M004.0.0898,DZCTEAF
00063117,S,SE,SE,SE,SE,10000158,12000041,503 Specialista/-tka HR,12000041,503 Specialista/-tka HR,20000835,Kompetenční management,75,"Pedagogika, učitelství a sociální péče",2,Sociální práce,T,Vysokoškolské magisterské vzdělání,11,Sociální pedagogika,2004.14410.7502T011.N7501.4942,UKLXZ35
00063232,S,SE,SE,SE,SE,10000483,12000040,502 Pedagogický/á pracovník/-vnice,12000040,502 Pedagogický/á pracovník/-vnice,20002399,Učitel - Všeobecně vzd. předměty,75,"Pedagogika, učitelství a sociální péče",4,Učitelství pro střední školy,T,Vysokoškolské magisterské vzdělání,243,Učitelství českého jazyka a literatury,2018.24510.7504T243.N7504.3302,DBF5GGV
00063233,S,SE,SE,SE,SE,10000483,12000040,502 Pedagogický/á pracovník/-vnice,12000040,502 Pedagogický/á pracovník/-vnice,20002726,"Učitel - Český jazyk, metodik prevence",75,"Pedagogika, učitelství a sociální péče",3,Učitelství pro základní školy,T,Vysokoškolské magisterské vzdělání,19,Učitelství českého jazyka a literatury pro 2. stupeň ZŠ,1996.24510.76128000.00000.3302,A4IVQIT
00063396,S,SE,SE,SE,SE,10000093,12001000,030 Projektový/á koordinátor/ka,12001000,030 Projektový/á koordinátor/ka,20067972,Vzdělávací projekty Škoda Academy,62,Ekonomie,10,Mezinárodní ekonomické vztahy,T,Vysokoškolské magisterské vzdělání,5,Evropská integrace,2016.31120.6210T005.N6210.2636,SYYHPBK
00063398,S,SE,SE,SE,SE,10026554,12000041,503 Specialista/-tka HR,12000041,503 Specialista/-tka HR,20071127,Veřejné podpory - vzdělávání,67,Politologie,2,Mezinárodní teritoriální studia,T,Vysokoškolské magisterské vzdělání,5,Mezinárodní teritoriální studia,2013.75900.6702T005.N6702.2636,SO3LTNE
00063460,S,SE,SE,SE,SE,10000483,12000040,502 Pedagogický/á pracovník/-vnice,12000040,502 Pedagogický/á pracovník/-vnice,20068886,"Učitel - Český jazyk, Angličtina",75,"Pedagogika, učitelství a sociální péče",4,Učitelství pro střední školy,T,Vysokoškolské magisterské vzdělání,23,Učitelství anglického jazyka a literatury pro SŠ,2009.11410.7504T213.M7504.2636,TRH3KNT
00063481,S,SE,SE,SE,SE,10000343,12000040,502 Pedagogický/á pracovník/-vnice,12000040,502 Pedagogický/á pracovník/-vnice,20002469,"Učitel - IT, školní IS",37,Doprava a spoje,8,Dopravní inženýrství a spoje,T,Vysokoškolské magisterské vzdělání,9,Dopravní systémy a technika,2009.21260.3708T009.N3710.2636,UY1THCT
00063550,S,SE,SE,SE,SE,10032052,12000040,502 Pedagogický/á pracovník/-vnice,12000040,502 Pedagogický/á pracovník/-vnice,20002755,Učitel - Technologické postupy a procesy,23,Strojírenství a strojírenská výroba,2,Stroje a zařízení,T,Vysokoškolské magisterské vzdělání,23,"Stroje a zařízení pro chemický, potravinářský a spotřební průmysl",1986.00000.231VSM00.00000.0000,D5U612H
00063552,S,SE,SE,SE,SE,10000158,12000041,503 Specialista/-tka HR,12000041,503 Specialista/-tka HR,20008351,Kompetenční management,62,Ekonomie,8,Ekonomika a management,T,Vysokoškolské magisterské vzdělání,3,Ekonomie a management,2024.7P900.0.N0413A050001.0898,T7C0NTF
00063686,S,SE,SE,SE,SE,10000157,12000041,503 Specialista/-tka HR,12000041,503 Specialista/-tka HR,20000568,Kariérní management,65,"Gastronomie, hotelnictví a turismus",42,Hotelnictví a turismus,M,Úplné střední odborné vzdělání s maturitou (bez vyučení),12,Cestovní ruch,1994.00000.652SSS00.00000.0000,VM8B7PQ
00070278,S,SE,SE,SE,SE,10000157,12000041,503 Specialista/-tka HR,12000041,503 Specialista/-tka HR,20049030,Kariérní management,77,Obory z oblasti psychologie,1,Psychologie,T,Vysokoškolské magisterské vzdělání,5,Psychologie,1997.15210.77018000.00000.0024,DZCRW14
00070548,S,SE,SE,SE,SE,10000343,12000133,215 Administrátor/ka,12000133,215 Administrátor/ka,20085400,MPP Administrátor/ka SOUs,41,Zemědělství a lesnictví,51,"Zemědělec, zemědělské práce",H,Střední odborné vzdělání s výučním listem,2,Zemědělec,1996.00000.411SSB00.00000.0000,DZCMVE4
00071152,S,SE,SE,SE,SE,10000158,12000041,503 Specialista/-tka HR,12000041,503 Specialista/-tka HR,20000831,Kompetenční management,75,"Pedagogika, učitelství a sociální péče",1,Pedagogika,R,Vysokoškolské bakalářské vzdělání,2,Andragogika a personální řízení,2006.11210.7501R002.B7501.2636,DZCBH09
00071624,S,SE,SE,SE,SE,10000158,12001000,030 Projektový/á koordinátor/ka,12001000,030 Projektový/á koordinátor/ka,20084669,"Rozvojové programy, inokultura",64,"Podnikání v oborech, odvětví",42,Organizace a management v odvětví,M,Úplné střední odborné vzdělání s maturitou (bez vyučení),3,Strojírenská technická administrativa,1996.00000.231SSS00.00000.0000,GCNJV5K
00072224,S,SE,SE,SE,SE,10000343,12000041,503 Specialista/-tka HR,12000041,503 Specialista/-tka HR,20002402,Administrativa SOUs,63,Ekonomika a administrativa,41,Ekonomika a podnikání,M,Úplné střední odborné vzdělání s maturitou (bez vyučení),4,Obchodní akademie,1999.00000.630SSS00.00000.0000,DZCIK13
00072627,S,SE,SE,SE,SE,10026554,12000128,212 Specialista/-tka logistiky,12000128,212 Specialista/-tka logistiky,20006894,Výdejna ŠKODA Akademie,23,Strojírenství a strojírenská výroba,41,Strojírenství,M,Úplné střední odborné vzdělání s maturitou (bez vyučení),1,Strojírenství,1994.00000.231SSS00.00000.0000,DZCMPAB
00073277,S,SE,SE,SE,SE,10000158,12000041,503 Specialista/-tka HR,12000041,503 Specialista/-tka HR,20000720,Standardizace postupů,75,"Pedagogika, učitelství a sociální péče",3,Učitelství pro základní školy,T,Vysokoškolské magisterské vzdělání,7,Učitelství anglického jazyka a literatury pro 2. stupeň ZŠ,2003.24510.7503T021.M7503.3302,DZCNS10
00074415,S,SE,SE,SE,SE,10000093,12000975,020 Odborný/á koordinátor/ka,12000975,020 Odborný/á koordinátor/ka,20002720,Odb.koord.-Standardy a metod.vzdělávání,41,Zemědělství a lesnictví,1,Zemědělské inženýrství,T,Vysokoškolské magisterské vzdělání,13,Zemědělské inženýrství,2006.41210.4101T013.M4101.2636,VNU3MFB
00075312,S,SE,SE,SE,SE,10000490,12000040,502 Pedagogický/á pracovník/-vnice,12000040,502 Pedagogický/á pracovník/-vnice,20013717,Učitel odborného výcviku,75,"Pedagogika, učitelství a sociální péče",7,Specializace v pedagogice,R,Vysokoškolské bakalářské vzdělání,56,Učitelství praktického vyučování a odborného výcviku,2017.21900.7507R056.B7507.2636,DZCJK2E
00075405,S,SE,SE,SE,SE,10026554,12900010,419 Specialista/-tka údržby,12900010,419 Specialista/-tka údržby,20002403,Technické vybavení vzdělávání,23,Strojírenství a strojírenská výroba,43,Strojírenská výroba,L,Úplné střední odborné vzdělání s vyučením i maturitou,51,Provozní technika,2013.600007481.2343L51X.0.0898,DZCJS2R
00076614,S,SE,SE,SE,SE,10000093,12900017,595 DPP/DPČ,12900017,595 DPP/DPČ,29004904,595 - Studentské DPP/DPČ,NULL,,NULL,,,,NULL,,,TW3H9O3
00076618,S,SE,SE,SE,SE,10000343,12000040,502 Pedagogický/á pracovník/-vnice,12000040,502 Pedagogický/á pracovník/-vnice,20002729,"Učitel - matematika, fyzika",11,Matematické obory,1,Matematika,R,Vysokoškolské bakalářské vzdělání,46,Matematika pro vzdělávání,2024.18470.0.B0114A170006.3840,DGZLLZ3
00077146,S,SE,SE,SE,SE,10000490,12000040,502 Pedagogický/á pracovník/-vnice,12000040,502 Pedagogický/á pracovník/-vnice,20002544,Učitel OV-metodik-svařování,75,"Pedagogika, učitelství a sociální péče",7,Specializace v pedagogice,R,Vysokoškolské bakalářské vzdělání,56,Učitelství praktického vyučování a odborného výcviku,2020.11410.7507R056.B7507.2636,DZCFHIT
00077382,S,SE,SE,SE,SE,10026554,12900009,226 IT Specialista/-tka,12900009,226 IT Specialista/-tka,20001936,GEKO pro informační syst. ve vzdělávání,62,Ekonomie,8,Ekonomika a management,R,Vysokoškolské bakalářské vzdělání,163,Podniková ekonomika a finanční management,2022.7P900.6208R163.B6208.0898,DZCUCG0
00077584,S,SE,SE,SE,SE,10000488,12000040,502 Pedagogický/á pracovník/-vnice,12000040,502 Pedagogický/á pracovník/-vnice,20002752,Učitel - logistika a zbožíznalství,37,Doprava a spoje,6,Dopravní infrastruktura v území,T,Vysokoškolské magisterské vzdělání,9,Logistika,2021.6R900.0.N1041P040001.0168,DZCT4GE
00077585,S,SE,SE,SE,SE,10000488,12000040,502 Pedagogický/á pracovník/-vnice,12000040,502 Pedagogický/á pracovník/-vnice,20081909,Učitel/lektor-OV- logistické procesy,75,"Pedagogika, učitelství a sociální péče",4,Učitelství pro střední školy,R,Vysokoškolské bakalářské vzdělání,271,Učitelství praktického vyučování,2022.41900.7504R271.B7507.2636,DZC285Y
00077591,S,SE,SEA,SEA,SEA,10034578,12000001,002 Koordinátor/ka,12000001,002 Koordinátor/ka,20067605,Koordin. digitalizace & normativ. kurzů,37,Doprava a spoje,41,"Provoz, organizace a ekonomika dopravy",M,Úplné střední odborné vzdělání s maturitou (bez vyučení),1,Provoz a ekonomika dopravy,2015.600007545.3741M01X.0.0898,DZCCWQ6
00078276,S,SE,SEA,SEA,SEA,10000160,12000041,503 Specialista/-tka HR,12000041,503 Specialista/-tka HR,20064844,Jazyková příprava,75,"Pedagogika, učitelství a sociální péče",1,Pedagogika,T,Vysokoškolské magisterské vzdělání,1,Andragogika,2021.76900.7501T001.N7501.2636,UHZEYIC
00078334,S,SE,SE,SE,SE,10000158,12900007,019 Specialista/-tka GRC,12900007,019 Specialista/-tka GRC,20086137,Set of Values – firemní kultura,62,Ekonomie,8,Ekonomika a management,T,Vysokoškolské magisterské vzdělání,61,Marketing a management,2009.66900.6208T139.N6208.0898,DZCZK40
00078478,S,SE,SEA,SEA,SEA,10000160,12001000,030 Projektový/á koordinátor/ka,12001000,030 Projektový/á koordinátor/ka,20000736,Skill Mapping,39,Speciální a interdisciplinární technické obory,41,Technický interdisciplinární,N,Vyšší odborné vzdělání,3,Automatizované informační systémy řízení v ekonomice,2002.00000.621VOS00.00000.0000,DZCKLSO
00078638,S,SE,SE,SE,SE,10000343,12000001,002 Koordinátor/ka,12000001,002 Koordinátor/ka,20002744,Koordinátor - Teoretická výuka,62,Ekonomie,2,Hospodářská politika a správa,T,Vysokoškolské magisterské vzdělání,10,Finance,2004.31110.6202T010.M6202.2636,DZCOS11
00079168,S,SE,SEA,SEA,SEA,10034578,12000041,503 Specialista/-tka HR,12000041,503 Specialista/-tka HR,20000843,IT vzdělávání,62,Ekonomie,8,Ekonomika a management,T,Vysokoškolské magisterské vzdělání,85,Podniková ekonomika,2006.24310.6208T085.M6208.3302,DZCEN10
00080165,S,SE,SE,SE,SE,10032052,12000040,502 Pedagogický/á pracovník/-vnice,12000040,502 Pedagogický/á pracovník/-vnice,20002755,Učitel - Technologické postupy a procesy,31,Textilní výroba a oděvnictví,6,Textilní inženýrství,T,Vysokoškolské magisterské vzdělání,14,Produktový management/Product Management,2011.24410.3106T014.N3108.3302,DZCEV10
00080276,S,SE,SE,SE,SE,10000093,12000000,001 Specialista/-tka admin.a služ.,12000000,001 Specialista/-tka admin.a služ.,20000708,Sekretářka,75,"Pedagogika, učitelství a sociální péče",1,Pedagogika,V,Vysokoškolské doktorské vzdělání,8,Pedagogika,2013.11410.7501V008.P7501.2636,DZCTKAI
00090450,S,SE,SEA,SEA,SEA,10000160,12000041,503 Specialista/-tka HR,12000041,503 Specialista/-tka HR,20000723,"Jazyková příprava, aplikace",61,"Filozofie, teologie",7,Humanitní studia,R,Vysokoškolské bakalářské vzdělání,9,Studium humanitní vzdělanosti,2013.11240.6107R009.B6107.2636,W04ZDAV
00091228,S,SE,SE,SE,SE,10000158,12000975,020 Odborný/á koordinátor/ka,12000975,020 Odborný/á koordinátor/ka,20079544,Metodik Experti/učící se org.,37,Doprava a spoje,6,Dopravní infrastruktura v území,T,Vysokoškolské magisterské vzdělání,9,Logistika,2019.6R900.3706T009.N3713.0168,DZCBOTT
00092474,S,SE,SEA,SEA,SEA,10034578,12000041,503 Specialista/-tka HR,12000041,503 Specialista/-tka HR,20001154,Blended learning,62,Ekonomie,10,Mezinárodní ekonomické vztahy,T,Vysokoškolské magisterské vzdělání,10,Mezinárodní obchod,2020.31120.6210T010.N6210.2636,AIOI75A
00093160,S,SE,SE,SE,SE,10000157,12000041,503 Specialista/-tka HR,12000041,503 Specialista/-tka HR,20000569,Kariérní management,62,Ekonomie,8,Ekonomika a management,T,Vysokoškolské magisterské vzdělání,7,Ekonomika a management,2025.7P900.0.N0413A050001.0898,US1PWZL
00100870,S,SE,SE,SE,SE,10032052,12000040,502 Pedagogický/á pracovník/-vnice,12000040,502 Pedagogický/á pracovník/-vnice,20002503,Učitel/ lektor-CNC Centrum,23,Strojírenství a strojírenská výroba,43,Strojírenská výroba,L,Úplné střední odborné vzdělání s vyučením i maturitou,503,"Strojírenství - výroba, montáž a opravy přístrojů, strojů a zařízení",1984.00000.231SSS00.00000.0000,DZCSM02
00110153,S,SE,SEA,SEA,SEA,10034578,12900017,595 DPP/DPČ,12900017,595 DPP/DPČ,29004962,595 - DPP/DPČ,23,Strojírenství a strojírenská výroba,41,Strojírenství,M,Úplné střední odborné vzdělání s maturitou (bez vyučení),1,Strojírenství,,DZCMJ17
00110190,S,SE,SEA,SEA,SEA,10000159,12000040,502 Pedagogický/á pracovník/-vnice,12000040,502 Pedagogický/á pracovník/-vnice,20078023,Lektor elektromobilita - pohony,26,"Elektrotechnika, telekomunikační a výpočetní technika",44,Automatizace,M,Úplné střední odborné vzdělání s maturitou (bez vyučení),1,Automatizační technika,1986.00000.262SSS00.00000.0000,DZCVV06
00110464,S,SE,SE,SE,SE,10000157,12000001,002 Koordinátor/ka,12000001,002 Koordinátor/ka,20000716,Koordinátor kariérního managementu,75,"Pedagogika, učitelství a sociální péče",3,Učitelství pro základní školy,T,Vysokoškolské magisterské vzdělání,65,Učitelství pro 2. stupeň ZŠ - český jazyk,1995.24510.76128000.00000.3302,DZCMF39
00110542,S,SE,SEA,SEA,SEA,10000159,12000040,502 Pedagogický/á pracovník/-vnice,12000040,502 Pedagogický/á pracovník/-vnice,20001933,Lektor robotiky a aplik. techniky,23,Strojírenství a strojírenská výroba,41,Strojírenství,M,Úplné střední odborné vzdělání s maturitou (bez vyučení),1,Strojírenství,1984.00000.231SSS00.00000.0000,DZCBH01
00110564,S,SE,SE,SE,SE,10000488,12000040,502 Pedagogický/á pracovník/-vnice,12000040,502 Pedagogický/á pracovník/-vnice,20002753,Učitel - metrologie a údržba strojů,31,Textilní výroba a oděvnictví,6,Textilní inženýrství,T,Vysokoškolské magisterské vzdělání,1,Ekonomika a řízení spotřebního průmyslu,1986.00000.310VSM00.00000.0000,DZCVN19
00110623,S,SE,SE,SE,SE,10000343,12000040,502 Pedagogický/á pracovník/-vnice,12000040,502 Pedagogický/á pracovník/-vnice,20002735,"Učitel - fyzika, ekologie, chemie",75,"Pedagogika, učitelství a sociální péče",3,Učitelství pro základní školy,T,Vysokoškolské magisterské vzdělání,103,Učitelství všeobecně vzdělávacích předmětů,1988.00000.751VSM00.00000.0000,DZCMK75
00110662,S,SE,SE,SE,SE,10032052,12000040,502 Pedagogický/á pracovník/-vnice,12000040,502 Pedagogický/á pracovník/-vnice,20002509,Učitel - Fluidní technika,62,Ekonomie,9,Systémové inženýrství a informatika,T,Vysokoškolské magisterské vzdělání,15,Informační management,2005.18450.6209T015.M6209.3840,DZCMKA4
00110912,S,SE,SE,SE,SE,10000157,12000041,503 Specialista/-tka HR,12000041,503 Specialista/-tka HR,20069186,Kariérní management,75,"Pedagogika, učitelství a sociální péče",3,Učitelství pro základní školy,T,Vysokoškolské magisterské vzdělání,103,Učitelství všeobecně vzdělávacích předmětů,1988.00000.751VSM00.00000.0000,DZCIH08
00111260,S,SE,SE,SE,SE,10000094,12000000,001 Specialista/-tka admin.a služ.,12000000,001 Specialista/-tka admin.a služ.,20002397,"Sekretářka SE/B, KeyUser Public webs SOU",63,Ekonomika a administrativa,41,Ekonomika a podnikání,M,Úplné střední odborné vzdělání s maturitou (bez vyučení),1,Všeobecná ekonomika,1989.00000.630SSS00.00000.0000,DZCRH05
00111299,S,SE,SE,SE,SE,10000489,12000001,002 Koordinátor/ka,12000001,002 Koordinátor/ka,20002467,Koordinátor - Odborný výcvik,75,"Pedagogika, učitelství a sociální péče",1,Pedagogika,T,Vysokoškolské magisterské vzdělání,1,Andragogika,2021.11410.0.N0111A190001.2636,DZCVS27
00111556,S,SE,SE,SE,SE,10000483,12000001,002 Koordinátor/ka,12000001,002 Koordinátor/ka,20002723,Koord. všeobecně vzdělávacích předmětů,75,"Pedagogika, učitelství a sociální péče",4,Učitelství pro střední školy,T,Vysokoškolské magisterské vzdělání,38,Učitelství českého jazyka a literatury pro 2. stupeň ZŠ a SŠ,1996.11410.76128000.00000.2636,DZCMR18
00112323,S,SE,SE,SE,SE,10000343,12000040,502 Pedagogický/á pracovník/-vnice,12000040,502 Pedagogický/á pracovník/-vnice,20002740,"Učitel - fyzika, tělesná výchova",75,"Pedagogika, učitelství a sociální péče",3,Učitelství pro základní školy,T,Vysokoškolské magisterské vzdělání,47,Učitelství pro 1. stupeň základní školy,1987.00000.751VSM00.00000.0000,DZCPH42
00112571,S,SE,SE,SE,SE,10000488,12000040,502 Pedagogický/á pracovník/-vnice,12000040,502 Pedagogický/á pracovník/-vnice,20002749,Učitel - ekonomické předměty,62,Ekonomie,10,Mezinárodní ekonomické vztahy,T,Vysokoškolské magisterské vzdělání,10,Mezinárodní obchod,1994.31120.62108000.00000.2636,DZCKD21
00112751,S,SE,SE,SE,SE,10000158,12000041,503 Specialista/-tka HR,12000041,503 Specialista/-tka HR,20000737,Kompetenční management,75,"Pedagogika, učitelství a sociální péče",6,Speciální pedagogika,T,Vysokoškolské magisterské vzdělání,19,Učitelství pro školy pro mládež vyžadující zvláštní péči,1990.00000.751VSM00.00000.0000,DZCJP16
00112802,S,SE,SE,SE,SE,10000489,12000040,502 Pedagogický/á pracovník/-vnice,12000040,502 Pedagogický/á pracovník/-vnice,20002541,Učitel/lektor-Programování C/ C++,26,"Elektrotechnika, telekomunikační a výpočetní technika",11,Vojenská technika - elektrotechnická,T,Vysokoškolské magisterské vzdělání,2,Automatizované systémy velení,1990.00000.262VSM00.00000.0000,DZCLEJU
00112815,S,SE,SEA,SEA,SEA,10000159,12000040,502 Pedagogický/á pracovník/-vnice,12000040,502 Pedagogický/á pracovník/-vnice,20000614,Lektor komplexní automatizace,26,"Elektrotechnika, telekomunikační a výpočetní technika",12,Elektrotechnika a informatika,T,Vysokoškolské magisterské vzdělání,45,Technická kybernetika,1990.00000.262VSM00.00000.0000,DZCRT05
00113210,S,SE,SE,SE,SE,10000489,12000040,502 Pedagogický/á pracovník/-vnice,12000040,502 Pedagogický/á pracovník/-vnice,20002540,Učitel OV - metodik - elektrické pohony,75,"Pedagogika, učitelství a sociální péče",7,Specializace v pedagogice,R,Vysokoškolské bakalářské vzdělání,56,Učitelství praktického vyučování a odborného výcviku,2025.11410.0.B0114P300002.2636,DZCTS02
00113343,S,SE,SE,SE,SE,10000157,12000041,503 Specialista/-tka HR,12000041,503 Specialista/-tka HR,20000706,Kariérní dráhy,75,"Pedagogika, učitelství a sociální péče",1,Pedagogika,T,Vysokoškolské magisterské vzdělání,10,Pedagogika předškolního věku,1994.15410.75218000.00000.0024,DZCDP29
00113369,S,SE,SEA,SEA,SEA,10000159,12000040,502 Pedagogický/á pracovník/-vnice,12000040,502 Pedagogický/á pracovník/-vnice,20002406,Tvorba tech. vzd. programů a dceř. spol.,26,"Elektrotechnika, telekomunikační a výpočetní technika",12,Elektrotechnika a informatika,T,Vysokoškolské magisterské vzdělání,45,Technická kybernetika,1991.21230.26158000.00000.2636,DZCJD18
00113471,S,SE,SE,SE,SE,10000490,12000040,502 Pedagogický/á pracovník/-vnice,12000040,502 Pedagogický/á pracovník/-vnice,20002717,"Učitel-Speciální pedag.,metodik prevence",75,"Pedagogika, učitelství a sociální péče",6,Speciální pedagogika,T,Vysokoškolské magisterské vzdělání,2,Speciální pedagogika,1997.11410.75678000.00000.2636,DZCMK50
00113855,S,SE,SE,SE,SE,10000490,12000040,502 Pedagogický/á pracovník/-vnice,12000040,502 Pedagogický/á pracovník/-vnice,20002706,Učitel OV - metodik - provozní praxe,33,Zpracování dřeva a výroba hudebních nástrojů,41,Dřevařství,L,Úplné střední odborné vzdělání s vyučením i maturitou,501,Dřevařství,1992.00000.330SSS00.00000.0000,DZCZS29
00114787,S,SE,SE,SE,SE,10000343,12000040,502 Pedagogický/á pracovník/-vnice,12000040,502 Pedagogický/á pracovník/-vnice,20002727,Učitel - matematika,75,"Pedagogika, učitelství a sociální péče",3,Učitelství pro základní školy,T,Vysokoškolské magisterské vzdělání,103,Učitelství všeobecně vzdělávacích předmětů,1988.00000.751VSM00.00000.0000,DZCKB05
00114800,S,SE,SE,SE,SE,10032052,12000040,502 Pedagogický/á pracovník/-vnice,12000040,502 Pedagogický/á pracovník/-vnice,20082611,Učitel - Strojírenství,23,Strojírenství a strojírenská výroba,3,Strojírenská technologie,T,Vysokoškolské magisterské vzdělání,2,Strojírenská technologie,1987.00000.231VSM00.00000.0000,DZCZC02
00114802,S,SE,SE,SE,SE,10000489,12000040,502 Pedagogický/á pracovník/-vnice,12000040,502 Pedagogický/á pracovník/-vnice,20002746,Učitel - Elektrotechnika,26,"Elektrotechnika, telekomunikační a výpočetní technika",42,Silnoproudá elektrotechnika,T,Vysokoškolské magisterské vzdělání,5,Silnoproudá elektrotechnika,1986.00000.261VSM00.00000.0000,DZCJH32
00115130,S,SE,SEA,SEA,SEA,10034578,12000041,503 Specialista/-tka HR,12000041,503 Specialista/-tka HR,20001152,Externí kurzy,75,"Pedagogika, učitelství a sociální péče",3,Učitelství pro základní školy,T,Vysokoškolské magisterské vzdělání,73,Učitelství pro 2. stupeň ZŠ - německý jazyk,1996.24510.76128000.00000.3302,DZCME02
00115285,S,SE,SE,SE,SE,10000483,12000040,502 Pedagogický/á pracovník/-vnice,12000040,502 Pedagogický/á pracovník/-vnice,20002412,Poradce pro vzdělávací a profesní dráhu,79,Obecná příprava,41,Gymnázium,K,Úplné střední všeobecné vzdělání,6,Gymnázium - základy moderní ekonomie,1989.00000.780SSS00.00000.0000,DZCVJ01
00115301,S,SE,SE,SE,SE,10000488,12900017,595 DPP/DPČ,12900017,595 DPP/DPČ,29004965,595 - DPP/DPČ,23,Strojírenství a strojírenská výroba,3,Strojírenská technologie,T,Vysokoškolské magisterské vzdělání,2,Strojírenská technologie,,DZCLD11
00115920,S,SE,SE,SE,SE,10000488,12000040,502 Pedagogický/á pracovník/-vnice,12000040,502 Pedagogický/á pracovník/-vnice,20002742,Učitel - ekonomika,62,Ekonomie,2,Hospodářská politika a správa,T,Vysokoškolské magisterské vzdělání,28,Národohospodářské plánování,1989.00000.621VSM00.00000.0000,DZC0VAB
00117042,S,SE,SEA,SEA,SEA,10000159,12000001,002 Koordinátor/ka,12000001,002 Koordinátor/ka,20000837,Koord. techn. vzdělávání a dceř. společ.,39,Speciální a interdisciplinární technické obory,11,Materiálové vědy,T,Vysokoškolské magisterské vzdělání,11,Materiálové inženýrství,1996.26210.39428000.00000.4942,DZCPR11
00120893,S,SE,SE,SE,SE,10000490,12000040,502 Pedagogický/á pracovník/-vnice,12000040,502 Pedagogický/á pracovník/-vnice,20002543,"Učitel OV-metodik-výr.,oprav karosérií",23,Strojírenství a strojírenská výroba,43,Strojírenská výroba,L,Úplné střední odborné vzdělání s vyučením i maturitou,503,"Strojírenství - výroba, montáž a opravy přístrojů, strojů a zařízení",1983.00000.231SSS00.00000.0000,DZCZH07
00130040,S,SE,SEA,SEA,SEA,10034578,12000041,503 Specialista/-tka HR,12000041,503 Specialista/-tka HR,20000623,E-learning a řídicí systém LMS,26,"Elektrotechnika, telekomunikační a výpočetní technika",43,Elektronika,L,Úplné střední odborné vzdělání s vyučením i maturitou,1,Mechanik elektronik,1987.00000.261SSS00.00000.0000,DZCVF01
00130110,S,SE,SE,SE,SE,10000489,12000040,502 Pedagogický/á pracovník/-vnice,12000040,502 Pedagogický/á pracovník/-vnice,20081913,Učitel OV-metodik-elektromobilita,23,Strojírenství a strojírenská výroba,43,Strojírenská výroba,L,Úplné střední odborné vzdělání s vyučením i maturitou,503,"Strojírenství - výroba, montáž a opravy přístrojů, strojů a zařízení",1986.00000.231SSS00.00000.0000,DZCZK09
00130253,S,SE,SE,SE,SE,10032052,12000040,502 Pedagogický/á pracovník/-vnice,12000040,502 Pedagogický/á pracovník/-vnice,20002501,Učitel-OV-konvenční frézování,23,Strojírenství a strojírenská výroba,43,Strojírenská výroba,L,Úplné střední odborné vzdělání s vyučením i maturitou,503,"Strojírenství - výroba, montáž a opravy přístrojů, strojů a zařízení",1986.00000.231SSS00.00000.0000,DZCLZ15
00131542,S,SE,SE,SE,SE,10000488,12000040,502 Pedagogický/á pracovník/-vnice,12000040,502 Pedagogický/á pracovník/-vnice,20002510,Učitel OV-metodik-mechaniz. zařízení,23,Strojírenství a strojírenská výroba,45,Servis a opravy strojů a zařízení,L,Úplné střední odborné vzdělání s vyučením i maturitou,1,Mechanik seřizovač,1984.00000.231SSS00.00000.0000,DZCTC05
00131874,S,SE,SE,SE,SE,10000490,12000040,502 Pedagogický/á pracovník/-vnice,12000040,502 Pedagogický/á pracovník/-vnice,20002711,Učitel/lektor - speciální třídy,75,"Pedagogika, učitelství a sociální péče",6,Speciální pedagogika,R,Vysokoškolské bakalářské vzdělání,2,Speciální pedagogika,2010.76900.7506R002.B7506.2636,DZCAK30
00180104,S,SE,SEA,SEA,SEA,10034578,12900017,595 DPP/DPČ,12900017,595 DPP/DPČ,29004962,595 - DPP/DPČ,NULL,,NULL,,,,NULL,,,DZCPMVL
00180106,S,SE,SEA,SEA,SEA,10034578,12900017,595 DPP/DPČ,12900017,595 DPP/DPČ,29004962,595 - DPP/DPČ,NULL,,NULL,,,,NULL,,,DZCVDCD
00180109,S,SE,SE,SE,SE,10000343,12900017,595 DPP/DPČ,12900017,595 DPP/DPČ,29004963,595 - DPP/DPČ,NULL,,NULL,,,,NULL,,,DZCMMJR
00180159,S,SE,SEA,SEA,SEA,10000159,12900017,595 DPP/DPČ,12900017,595 DPP/DPČ,29004961,595 - DPP/DPČ,NULL,,NULL,,,,NULL,,,DZCJK1C
00180326,S,SE,SEA,SEA,SEA,10034578,12900017,595 DPP/DPČ,12900017,595 DPP/DPČ,29004962,595 - DPP/DPČ,NULL,,NULL,,,,NULL,,,DZCKMBK
00180348,S,SE,SEA,SEA,SEA,10034578,12900017,595 DPP/DPČ,12900017,595 DPP/DPČ,29004962,595 - DPP/DPČ,NULL,,NULL,,,,NULL,,,DZCMVFY
00180424,S,SE,SE,SE,SE,10000343,12900017,595 DPP/DPČ,12900017,595 DPP/DPČ,29004963,595 - DPP/DPČ,NULL,,NULL,,,,NULL,,,AUSB8QM
00181334,S,SE,SE,SE,SE,10000343,12900017,595 DPP/DPČ,12900017,595 DPP/DPČ,29004963,595 - DPP/DPČ,NULL,,NULL,,,,NULL,,,EVRFB5Z
00181463,S,SE,SE,SE,SE,10000488,12900017,595 DPP/DPČ,12900017,595 DPP/DPČ,29004965,595 - DPP/DPČ,NULL,,NULL,,,,NULL,,,D4FHCAP
00181477,S,SE,SE,SE,SE,10000488,12900017,595 DPP/DPČ,12900017,595 DPP/DPČ,29004965,595 - DPP/DPČ,NULL,,NULL,,,,NULL,,,VG9O36H
00181492,S,SE,SE,SE,SE,10000488,12900017,595 DPP/DPČ,12900017,595 DPP/DPČ,29004965,595 - DPP/DPČ,NULL,,NULL,,,,NULL,,,DJ3UZ0B
00301516,S,SE,SEA,SEA,SEA,10000159,12000040,502 Pedagogický/á pracovník/-vnice,12000040,502 Pedagogický/á pracovník/-vnice,20090738,Lektor robotiky - VASS standard,26,"Elektrotechnika, telekomunikační a výpočetní technika",43,Elektronika,L,Úplné střední odborné vzdělání s vyučením i maturitou,1,Mechanik elektronik,1994.00000.261SSS00.00000.0000,DZCTHUV
00306632,S,SE,SEA,SEA,SEA   33,10000159,12000040,502 Pedagogický/á pracovník/-vnice,12000040,502 Pedagogický/á pracovník/-vnice,20000852,Lektor VASS standard,26,"Elektrotechnika, telekomunikační a výpočetní technika",42,Silnoproudá elektrotechnika,M,Úplné střední odborné vzdělání s maturitou (bez vyučení),5,Elektrická trakce v dopravě - technika a provoz kolejových vozidel,1998.00000.262SSS00.00000.0000,DZCJK9T
00308200,S,SE,SEA,SEA,SEA   33,10034578,12000040,502 Pedagogický/á pracovník/-vnice,12000040,502 Pedagogický/á pracovník/-vnice,20079545,Metodik odb. vzdělávání závodu KV a VR,75,"Pedagogika, učitelství a sociální péče",7,Specializace v pedagogice,R,Vysokoškolské bakalářské vzdělání,56,Učitelství praktického vyučování a odborného výcviku,2021.21900.7507R056.B7507.2636,DZCPKBQ
00600636,S,SE,SE,SE,SE,10000157,12000041,503 Specialista/-tka HR,12000041,503 Specialista/-tka HR,20084675,Cesta do managementu,62,Ekonomie,8,Ekonomika a management,T,Vysokoškolské magisterské vzdělání,7,Ekonomika a management,2024.7P900.0.N0413A050001.0898,GBIUMQ1
00600756,S,SE,SEA,SEA,SEA,10000160,12000041,503 Specialista/-tka HR,12000041,503 Specialista/-tka HR,20078654,Koncepce IT vzdělávání,62,Ekonomie,8,Ekonomika a management,T,Vysokoškolské magisterské vzdělání,7,Ekonomika a management,2024.7P900.0.N0413A050001.0898,AVWHDV3
00600772,S,SE,SE,SE,SE,10000483,12000040,502 Pedagogický/á pracovník/-vnice,12000040,502 Pedagogický/á pracovník/-vnice,20002737,"Učitel - Angličtina, informatika",62,Ekonomie,9,Systémové inženýrství a informatika,T,Vysokoškolské magisterské vzdělání,21,Manažerská informatika,2021.24310.6209T021.N6209.3302,TBSC7A0
00605272,S,SE,SEA,SEA,SEA,10000159,12900017,595 DPP/DPČ,12900017,595 DPP/DPČ,29004911,595 - Studentské DPP/DPČ,NULL,,NULL,,,,NULL,,,DHS1HA9
00606251,S,SE,SEA,SEA,SEA,10000159,12900017,595 DPP/DPČ,12900017,595 DPP/DPČ,29004961,595 - DPP/DPČ,NULL,,NULL,,,,NULL,,,SLAT9ZM
00606641,S,SE,SEA,SEA,SEA,10034578,12900017,595 DPP/DPČ,12900017,595 DPP/DPČ,29004909,595 - Studentské DPP/DPČ,62,Ekonomie,8,Ekonomika a management,R,Vysokoškolské bakalářské vzdělání,7,Ekonomika a management,2025.7P900.0.B0413P050002.0898,FUEEJ5O
00607532,S,SE,SE,SE,SE,10000483,12000040,502 Pedagogický/á pracovník/-vnice,12000040,502 Pedagogický/á pracovník/-vnice,20002736,Učitel – cizí jazyky,75,"Pedagogika, učitelství a sociální péče",4,Učitelství pro střední školy,T,Vysokoškolské magisterské vzdělání,107,Učitelství pedagogiky pro střední školy,1997.14410.76158000.00000.4942,DA65GTX
00607731,S,SE,SEA,SEA,SEA,10000160,12000041,503 Specialista/-tka HR,12000041,503 Specialista/-tka HR,20081907,Digitální vzdělávací formáty,62,Ekonomie,8,Ekonomika a management,R,Vysokoškolské bakalářské vzdělání,175,Ekonomika a management služeb,2018.24310.6208R175.B6208.3302,F02FGUW
00607747,S,SE,SEA,SEA,SEA   33,10034578,12900017,595 DPP/DPČ,12900017,595 DPP/DPČ,29004962,595 - DPP/DPČ,NULL,,NULL,,,,NULL,,,FB7GFB8
00608366,S,SE,SE,SE,SE,10000158,12900017,595 DPP/DPČ,12900017,595 DPP/DPČ,29004908,595 - Studentské DPP/DPČ,NULL,,NULL,,,,NULL,,,D8KJD8J
00608979,S,SE,SE,SE,SE,10000489,12000040,502 Pedagogický/á pracovník/-vnice,12000040,502 Pedagogický/á pracovník/-vnice,20002538,Učitel/lektor-OV-konektivita a diag. PKW,26,"Elektrotechnika, telekomunikační a výpočetní technika",47,Výpočetní technika,M,Úplné střední odborné vzdělání s maturitou (bez vyučení),2,Elektronické počítačové systémy,2010.600012069.2647M002.0.4109,FFWC7DH
00609486,S,SE,SE,SE,SE,10000158,12900017,595 DPP/DPČ,12900017,595 DPP/DPČ,29004908,595 - Studentské DPP/DPČ,NULL,,NULL,,,,NULL,,,SRTYV05
00609522,S,SE,SEA,SEA,SEA,10000159,12900017,595 DPP/DPČ,12900017,595 DPP/DPČ,29004911,595 - Studentské DPP/DPČ,NULL,,NULL,,,,NULL,,,F2BWPKR
00610093,S,SE,SEA,SEA,SEA,10000160,12000131,900 Vedoucí,12000131,900 Vedoucí,20071125,Vedoucí Odborného vzdělávání,62,Ekonomie,8,Ekonomika a management,T,Vysokoškolské magisterské vzdělání,91,Podnikové hospodářství,2004.00000.622VSC00.00000.0000,FRAH1M9
00610172,S,SE,SEA,SEA,SEA,10034578,12900017,595 DPP/DPČ,12900017,595 DPP/DPČ,29004962,595 - DPP/DPČ,NULL,,NULL,,,,NULL,,,USGDDGM
00610458,S,SE,SE,SE,SE,10000483,12000040,502 Pedagogický/á pracovník/-vnice,12000040,502 Pedagogický/á pracovník/-vnice,20002764,"Učitel – Angličtina, zeměpis",75,"Pedagogika, učitelství a sociální péče",3,Učitelství pro základní školy,T,Vysokoškolské magisterské vzdělání,9,Učitelství anglického jazyka pro 2. stupeň ZŠ,2022.24510.7503T009.N7503.3302,DJKBNC7
00610965,S,SE,SE,SE,SE,10000483,12900017,595 DPP/DPČ,12900017,595 DPP/DPČ,29004918,595 - Studentské DPP/DPČ,NULL,,NULL,,,,NULL,,,UM5S6E8
00611165,S,SE,SE,SE,SE,10000483,12000040,502 Pedagogický/á pracovník/-vnice,12000040,502 Pedagogický/á pracovník/-vnice,20002739,Učitel - Český jazyk,75,"Pedagogika, učitelství a sociální péče",4,Učitelství pro střední školy,T,Vysokoškolské magisterské vzdělání,39,Učitelství českého jazyka a literatury pro SŠ,2020.13430.7504T039.N7401.2638,WINRW6S
00611329,S,SE,SEA,SEA,SEA,10034578,12900017,595 DPP/DPČ,12900017,595 DPP/DPČ,29004909,595 - Studentské DPP/DPČ,NULL,,NULL,,,,NULL,,,W8C9R6R
00611441,S,SE,SEA,SEA,SEA,10034578,12900017,595 DPP/DPČ,12900017,595 DPP/DPČ,29004909,595 - Studentské DPP/DPČ,NULL,,NULL,,,,NULL,,,UVRAPIN
00611723,S,SE,SE,SE,SE,10000343,12900017,595 DPP/DPČ,12900017,595 DPP/DPČ,29004917,595 - Studentské DPP/DPČ,NULL,,NULL,,,,NULL,,,SNEDSGO
00611780,S,SE,SE,SE,SE,10000343,12900017,595 DPP/DPČ,12900017,595 DPP/DPČ,29004917,595 - Studentské DPP/DPČ,NULL,,NULL,,,,NULL,,,DV54J4F
00611798,S,SE,SE,SE,SE,10000093,12900017,595 DPP/DPČ,12900017,595 DPP/DPČ,29004904,595 - Studentské DPP/DPČ,NULL,,NULL,,,,NULL,,,TFIJ5B2
00611847,S,SE,SE,SE,SE,10000157,12900017,595 DPP/DPČ,12900017,595 DPP/DPČ,29006186,595 - DPP/DPČ,NULL,,NULL,,,,NULL,,,UU76UL2
00612159,S,SE,SE,SE,SE,10000483,12900017,595 DPP/DPČ,12900017,595 DPP/DPČ,29004918,595 - Studentské DPP/DPČ,NULL,,NULL,,,,NULL,,,EKZQ5CL
00612163,S,SE,SE,SE,SE,10000483,12900016,594 Stážista,12900016,594 Stážista,29006369,594 - Stážista / Praktikant,NULL,,NULL,,,,NULL,,,GIMFJJN
00612222,S,SE,SE,SE,SE,10000157,12900017,595 DPP/DPČ,12900017,595 DPP/DPČ,29004905,595 - Studentské DPP/DPČ,NULL,,NULL,,,,NULL,,,AFOJA98
00612370,S,SE,SE,SE,SE,10000157,12900017,595 DPP/DPČ,12900017,595 DPP/DPČ,29004905,595 - Studentské DPP/DPČ,NULL,,NULL,,,,NULL,,,SS0EO1A
00612830,S,SE,SE,SE,SE,10000158,12900017,595 DPP/DPČ,12900017,595 DPP/DPČ,29004957,595 - DPP/DPČ,NULL,,NULL,,,,NULL,,,VIWJHS0
00612846,S,SE,SE,SE,SE,10000483,12000040,502 Pedagogický/á pracovník/-vnice,12000040,502 Pedagogický/á pracovník/-vnice,20002743,"Učitel-Český jazyk, výchovný poradce",75,"Pedagogika, učitelství a sociální péče",4,Učitelství pro střední školy,T,Vysokoškolské magisterské vzdělání,5,Fyzika - informatika,2012.14410.00000000.M7504.4942,VCIPB75
00612874,S,SE,SE,SE,SE,10000093,12900017,595 DPP/DPČ,12900017,595 DPP/DPČ,29006715,595 - DPP/DPČ,NULL,,NULL,,,,NULL,,,FSHHEOI
00680042,S,SE,SE,SE,SE,10026554,12900017,595 DPP/DPČ,12900017,595 DPP/DPČ,29004959,595 - DPP/DPČ,NULL,,NULL,,,,NULL,,,FQE67SR
00680142,S,SE,SE,SE,SE,10000157,12900017,595 DPP/DPČ,12900017,595 DPP/DPČ,29006186,595 - DPP/DPČ,NULL,,NULL,,,,NULL,,,VCV39B9
00680258,S,SE,SE,SE,SE,10000158,12900017,595 DPP/DPČ,12900017,595 DPP/DPČ,29004957,595 - DPP/DPČ,NULL,,NULL,,,,NULL,,,UFO84XW
00680265,S,SE,SEA,SEA,SEA,10034578,12900017,595 DPP/DPČ,12900017,595 DPP/DPČ,29004962,595 - DPP/DPČ,NULL,,NULL,,,,NULL,,,E0MH7CG
