sa_org_hierarchy.objid,sa_org_hierarchy.paren,sa_org_hierarchy.short,sa_org_hierarchy.stxtc,sa_org_hierarchy.stxtd,sa_org_hierarchy.stxte
10000093,10000005,SE,Škoda Academy,Škoda Academy,Škoda Academy
10000094,10000093,SE/B,Střední odborné učiliště,Berufsschule,Vocational school
10000157,10000093,SE/1,Kariérní management,Karrieremanagement,Career management
10000158,10000093,SE/2,Rozvoj kompetencí a manažerské programy,Kompetenzentw. u. Management-Programme,Competence Devel. a. Mgmt Programmes
10000159,10000160,SEA/2,Technické vzdělávání a dceř. společnosti,Technische Weiterbildung u.Tochtergesel.,Technical Training and Subsidiaries
10000160,10000093,SEA,Odborné vzdělávání,Fachliche Weiterbildung,Professional training
10000343,10000094,SE/B1,Přírodovědné předměty,Naturwissenschaftliche Fächern,Science subjects
10000483,10000094,SE/B2,Všeobecně vzdělávací předměty,Allgemein bildende Fächer,General Education Subjects
10000488,10000094,SE/B6,Mechanika a Logistika,Mechanik und Logistik,Mechanics and Logistics
10000489,10000094,SE/B5,Elektro a IT,Elektro und IT,Electrical and IT
10000490,10000094,SE/B4,Autoobory,Fahrzeugfächer,Vehicle Branch
10026554,10000093,SE/4,Řízení Akademie,Akademie Management,Academy Management
10032052,10000094,SE/B7,Strojní obrábění a robotika,Maschinelle Zerspanung u. Robotik,Machining and robotics
10034578,10000160,SEA/1,Digitalizace & normativní kurzy,Digitalisation & Normative courses,Digitalisation & Normative courses
